rank,uid,username,type,accompany,medal_name,medal_level
1,3546919678773500,灰獺,总督,215,绿冻,46
2,1429196293,匹诺曹317,总督,145,绿冻,43
3,13012997,污盘子,总督,219,绿冻,42
4,6251296,栗帽,总督,102,绿冻,42
5,916810,Jing11219,总督,73,绿冻,42
6,546160791,幽人独往来--,总督,15,绿冻,40
7,259162605,Arichi_,提督,204,绿冻,46
8,1056997306,異分岐のプリエ,提督,221,绿冻,44
9,954264,禅心皈无意,提督,203,绿冻,43
10,620527230,gorilla3535,提督,206,绿冻,43
11,2399747,绫辻澪,提督,210,绿冻,42
12,39184396,继续吹着风,提督,215,绿冻,42
13,485418462,灰泽满家的伊洛本人,提督,150,绿冻,42
14,352883270,米洗鳰原葉,提督,163,绿冻,42
15,2044760,Stan661,提督,195,绿冻,41
16,13334226,微绫,提督,203,绿冻,41
17,5623688,Helikobeter,提督,142,绿冻,41
18,5266758,水布Mizufu,提督,168,绿冻,41
19,3546983578994744,KOU_KEI,提督,207,绿冻,40
20,39493583,本命伊利亚,提督,203,绿冻,40
21,228098233,叹虚,提督,183,绿冻,40
22,1002305706,雪音-xy,提督,150,绿冻,40
23,321224291,区泽马,提督,135,绿冻,40
24,471084,一稞大青菜,提督,210,绿冻,39
25,18275149,rrrract,提督,214,绿冻,39
26,272305778,明前满绿,提督,92,绿冻,38
27,863500,任任女孩,提督,210,绿冻,38
28,5775091,sue77776,提督,198,绿冻,38
29,431935426,摘星踏雪归,提督,172,绿冻,38
30,494629966,aIIblacks,提督,157,绿冻,38
31,9846384,SekiDawn,提督,135,绿冻,37
32,4940641,_end1ess,提督,211,绿冻,37
33,1603612,月ノneet,提督,193,绿冻,37
34,5366426,選ばれた奏者,提督,201,绿冻,37
35,16934546,yowaai,提督,141,绿冻,37
36,1569772,澹台璃沙,提督,102,绿冻,36
37,17322,turtlejk,提督,197,绿冻,36
38,24785752,Fndryk,提督,127,绿冻,36
39,496390331,苦瓜无限供应,提督,54,绿冻,36
40,933134,-翊天-,提督,93,绿冻,36
41,4045067,Ricardo洞,提督,213,绿冻,36
42,283678245,烟画屏幽,提督,207,绿冻,35
43,29552416,我一厢情愿的恋人,提督,55,绿冻,35
44,244453975,大纳言黑翼,提督,154,绿冻,35
45,249486249,larva_中国囚人,提督,105,绿冻,35
46,10158641,暖男爆破猴楼来福,提督,156,绿冻,35
47,8396429,airstone42,提督,51,绿冻,35
48,5667363,关心坐骨神经疼,提督,165,绿冻,35
49,43749583,吾乃路过,提督,93,绿冻,35
50,130855545,Taki923,提督,15,绿冻,35
51,768021,はいいろ773,提督,145,绿冻,35
52,3546794277472781,比奇南,提督,203,绿冻,35
53,446761374,北冥无鱼也无鲲,提督,212,绿冻,35
54,49094907,1oz47,提督,193,绿冻,34
55,26117826,F常胜,提督,108,绿冻,34
56,22290994,River-sea,提督,198,绿冻,34
57,521223761,芙芙狐狐fuff,提督,102,绿冻,34
58,12432912,蒲鹭Pulu_official,提督,191,绿冻,34
59,361364517,本間心鈴厨,提督,60,绿冻,34
60,12700680,Lappland--,提督,176,绿冻,34
61,306642,刺猬随心配,提督,153,绿冻,34
62,8834996,杀意波动狂级,提督,15,绿冻,34
63,441485494,Elixir_02,提督,32,绿冻,34
64,435816551,大梦自知,提督,50,绿冻,34
65,24463362,悦清平,提督,124,绿冻,34
66,15653509,东东大大,提督,203,绿冻,34
67,523891,桜羽エマ様,提督,81,绿冻,34
68,266950833,HYSSNH,提督,96,绿冻,33
69,10472761,胡歌我爱你,提督,136,绿冻,33
70,228981124,唐唐T110120T,提督,81,绿冻,33
71,40699233,闲着没事造点什么,提督,75,绿冻,33
72,3258837,月茗绮桦,提督,190,绿冻,33
73,262924074,星天_Change,提督,41,绿冻,33
74,188600545,亚妮艾丝克劳蒂尔,提督,111,绿冻,33
75,84519881,bigassy,提督,190,绿冻,33
76,501143293,节能-排,提督,58,绿冻,33
77,383084364,Le1Bn1z_ov0,提督,61,绿冻,33
78,38739372,_渚风,提督,205,绿冻,33
79,3843791,布罗迪娅,提督,102,绿冻,33
80,354293626,苦救,提督,178,绿冻,33
81,85199377,叁拾0030,提督,73,绿冻,33
82,12976389,橘与柑Orange,提督,37,绿冻,33
83,2669417,好吧好吧hh,提督,59,绿冻,32
84,32951272,天无无极限,提督,163,绿冻,32
85,438892258,好男孩乔琪乔,提督,45,绿冻,32
86,479746038,橘子合成器,提督,87,绿冻,32
87,46459464,如泪渐雨,提督,102,绿冻,32
88,239961567,玥今知,提督,105,绿冻,32
89,21172814,なつのだいさんかく,提督,49,绿冻,32
90,5876736,斯堪的纳维纳斯,提督,102,绿冻,32
91,36122095,琉夜Hano,提督,176,绿冻,32
92,490562631,黑猫小魔法师,提督,48,绿冻,32
93,455783018,醒不过来了QwQ,提督,54,绿冻,32
94,3706934836333286,冰上lvy,提督,170,绿冻,32
95,25409041,听海浪的声音,提督,102,绿冻,32
96,513867469,ace_luku,提督,108,绿冻,32
97,516875,雨雪交加,提督,75,绿冻,32
98,22203242,zodiac鸢,提督,102,绿冻,32
99,33827752,好姐妹空崎日奈,提督,81,绿冻,32
100,200608620,迷翰,提督,41,绿冻,32
101,348417906,乌啦乌啦黒,提督,92,绿冻,32
102,317354648,可乐泡香烟,提督,101,绿冻,32
103,11496292,人中受击,提督,119,绿冻,32
104,186576425,幽梦红茶,提督,78,绿冻,31
105,20233506,茨鲁卡瓦,提督,75,绿冻,31
106,360576830,DriedJellyfish,提督,15,绿冻,31
107,4464599,天曦,提督,49,绿冻,31
108,179107579,不是雾山_,提督,67,绿冻,31
109,3546914976959421,过拟合青空,提督,71,绿冻,31
110,3707022075759423,还成食薇,提督,32,绿冻,31
111,56073645,好想喝coffe啊,提督,15,绿冻,31
112,33130497,HE-MS,提督,14,绿冻,31
113,2027157964,看星星的Laika,提督,68,绿冻,31
114,13455735,星梦月茶,提督,45,绿冻,31
115,32255968,丨以马内利丨,提督,67,绿冻,31
116,1736,教练我想开空调,提督,46,绿冻,31
117,40099224,雨淋丶夏末,提督,65,绿冻,31
118,8447633,伽蓝之堂的两仪式本人,提督,45,绿冻,31
119,3677907,李黑羊,提督,15,绿冻,31
120,21468520,E_Y_E,提督,37,绿冻,31
121,1788374,理性分析,提督,45,绿冻,31
122,24445140,maydaycn,提督,45,绿冻,31
123,311820,飞鸟无与还,提督,15,绿冻,31
124,37117728,西门烧烤,提督,15,绿冻,31
125,184658877,库普-库普,提督,15,绿冻,31
126,21093269,绝霸天,提督,15,绿冻,30
127,44921412,mussm,提督,15,绿冻,30
128,11912137,SoraLight,提督,15,绿冻,30
129,24120868,陶氏洗澡,提督,15,绿冻,30
130,3707045454809266,L1ct,提督,15,绿冻,30
131,6273906,粉毛成瘾症,提督,15,绿冻,30
132,3546935860398854,ioliteFuneral,提督,15,绿冻,30
133,1296848150,diu_内,提督,15,绿冻,30
134,476251017,衣水难尽,舰长,204,绿冻,42
135,285693795,星光箱水母,舰长,208,绿冻,42
136,8097996,明石ito,舰长,208,绿冻,41
137,208818750,你治好了也会流口水,舰长,165,绿冻,39
138,6580838,兰卡兰卡兰兰的卡,舰长,221,绿冻,39
139,189997540,音速の水母,舰长,108,绿冻,37
140,253472118,仿佛有一束追光,舰长,167,绿冻,37
141,27341319,加库伯,舰长,212,绿冻,37
142,335998795,自在他化天,舰长,215,绿冻,37
143,3567390,NullExistence_X,舰长,165,绿冻,37
144,14071856,最后一步,舰长,207,绿冻,36
145,4041465,风霜已尽惊蛰至,舰长,165,绿冻,36
146,10323817,宇宙人不是外星人,舰长,221,绿冻,35
147,444186960,中年外卖员阿哔official,舰长,204,绿冻,35
148,1555138395,风云散丶,舰长,133,绿冻,35
149,297087,可樂中毒,舰长,176,绿冻,35
150,25103813,ヰ繭月,舰长,187,绿冻,35
151,177397837,幽云怀煦,舰长,126,绿冻,35
152,34880793,Mylenenenenene,舰长,212,绿冻,34
153,234387635,害羞小柚子,舰长,203,绿冻,34
154,3493122468219352,超浓厚水蜜桃果汁,舰长,205,绿冻,34
155,23279442,不良定义,舰长,219,绿冻,34
156,1277473796,灰泽满家的stories,舰长,151,绿冻,34
157,3546638930938690,灰泽满Sweety单推人O_o十,舰长,135,绿冻,34
158,19830486,我本灾星,舰长,45,绿冻,34
159,11972745,残雨断魂,舰长,208,绿冻,34
160,628611226,孤独な野良猫,舰长,211,绿冻,34
161,3461581952256234,三陈小祥-xxx,舰长,165,绿冻,34
162,398882736,道明寺萌美,舰长,209,绿冻,34
163,7108333,理性与感性的结晶体,舰长,172,绿冻,33
164,209374441,知世xf,舰长,204,绿冻,33
165,6071558,きんなかいほう,舰长,145,绿冻,33
166,269109657,次の舞台へ,舰长,218,绿冻,33
167,11504337,弥希Mik1,舰长,142,绿冻,33
168,7159516,恩仙仙,舰长,221,绿冻,33
169,28611751,不是水果是冰菓,舰长,140,绿冻,33
170,521836918,灰泽满轻度依赖,舰长,203,绿冻,33
171,1622037175,晓璟含挚烁,舰长,197,绿冻,33
172,249163668,优等nana,舰长,122,绿冻,33
173,141192131,deemp,舰长,152,绿冻,33
174,1431527,美國華人唐佳欣,舰长,195,绿冻,32
175,700643657,南洋怪盗灰泽满,舰长,127,绿冻,32
176,1832560,大小的白帝,舰长,195,绿冻,32
177,39256719,1114ka,舰长,135,绿冻,32
178,21300440,山月喵,舰长,122,绿冻,32
179,447001521,jioklr,舰长,195,绿冻,32
180,19884007,南风入弦丶l,舰长,221,绿冻,32
181,294817063,此间好安眠,舰长,186,绿冻,32
182,388266799,凌晨四点的liuziya,舰长,122,绿冻,32
183,6221157,Isklia宝,舰长,201,绿冻,32
184,38871746,master欧,舰长,17,绿冻,32
185,896687,往枉王旺,舰长,203,绿冻,32
186,3802499,烦恼无尽,舰长,34,绿冻,31
187,630236870,三只大白鸭,舰长,105,绿冻,31
188,172452174,龟歧间龟一,舰长,118,绿冻,31
189,35891955,高松灯型綠毛龜,舰长,218,绿冻,31
190,237518089,-灼烯-,舰长,145,绿冻,31
191,336198406,凌徊levy,舰长,193,绿冻,31
192,2092714,Amadeus_0,舰长,137,绿冻,31
193,471005865,二宝的逻辑猫,舰长,185,绿冻,31
194,7833411,破坏龙甘多拉,舰长,141,绿冻,31
195,2394685,六房奏,舰长,105,绿冻,31
196,9553689,哇英梨梨,舰长,219,绿冻,31
197,85581578,丿紫灬龙,舰长,165,绿冻,31
198,290349893,全薯记shuki,舰长,163,绿冻,31
199,3561142,无名一世,舰长,218,绿冻,31
200,13239691,梅莉不加糖,舰长,145,绿冻,31
201,38601343,灰泽满hazel全肯定,舰长,120,绿冻,31
202,396488572,收藏值得收藏的收藏夹,舰长,14,绿冻,31
203,3501990,-小良与兔-,舰长,195,绿冻,31
204,5013586,满满冻冻和好吧,舰长,215,绿冻,31
205,237845732,gigigigibeibei,舰长,105,绿冻,31
206,175418689,即将氷解的梦,舰长,158,绿冻,31
207,1333226786,淬鱼Lemon,舰长,127,绿冻,31
208,1503322985,kymkymkyb,舰长,92,绿冻,30
209,453572565,全職彌人-andy878797,舰长,207,绿冻,30
210,3546704791997166,时之蠹,舰长,149,绿冻,30
211,356030985,灰泽满还在嘴硬,舰长,151,绿冻,30
212,34351061,characteristic-,舰长,67,绿冻,30
213,21756232,被灰女妖脑控了,舰长,165,绿冻,30
214,84219012,我哭死你,舰长,147,绿冻,30
215,481486490,费米玻玻子,舰长,105,绿冻,30
216,129944702,FarLuck-,舰长,145,绿冻,30
217,13735158,-奶P之怒-,舰长,212,绿冻,30
218,131308759,吾皇为师,舰长,122,绿冻,30
219,15672465,Nerololo,舰长,163,绿冻,30
220,13299048,-据亿锡纸-,舰长,164,绿冻,30
221,19250850,Lope--,舰长,149,绿冻,30
222,57538746,o日暮,舰长,165,绿冻,30
223,411477786,碧落QAQ,舰长,142,绿冻,30
224,12037051,岛那灯,舰长,92,绿冻,30
225,2904365,莉卡Rika,舰长,105,绿冻,30
226,1848450113,永生の玖,舰长,171,绿冻,30
227,2078109197,暴龙战士-波加曼形态,舰长,70,绿冻,30
228,316534849,人生_如朝露,舰长,66,绿冻,30
229,641762042,樱落Allium,舰长,49,绿冻,30
230,403372435,紫炎Yukari_En,舰长,182,绿冻,30
231,15190952,None_so_Vile,舰长,150,绿冻,30
232,346094292,普通友人z,舰长,157,绿冻,30
233,19597768,本間ka,舰长,105,绿冻,30
234,39055616,斑鳩ルカ,舰长,219,绿冻,30
235,346694617,雾雨鞠伊,舰长,15,绿冻,30
236,441776977,Chitose彰良,舰长,156,绿冻,30
237,1992400,刚大侠,舰长,203,绿冻,29
238,10267625,Biin9,舰长,154,绿冻,29
239,8359,赫のシャドール,舰长,211,绿冻,29
240,7986608,逸国兴徐逸王,舰长,135,绿冻,29
241,70834304,松果林,舰长,208,绿冻,29
242,8136225,海绵宝宝奈亚儿,舰长,156,绿冻,29
243,36328228,鲁鲁花生油-,舰长,102,绿冻,29
244,179175618,五棱马,舰长,102,绿冻,29
245,357496493,GTW小徐,舰长,49,绿冻,29
246,11423433,シロコ今天吃什么,舰长,47,绿冻,29
247,9200471,铃叶coni,舰长,142,绿冻,29
248,289612460,你恰不恰柠檬,舰长,71,绿冻,29
249,584655878,StoRyteL1er,舰长,203,绿冻,29
250,423548921,Kr0nus,舰长,102,绿冻,29
251,16960494,羽灵Uring7,舰长,119,绿冻,29
252,12905892,成生__,舰长,92,绿冻,29
253,400163993,祈葉kana,舰长,101,绿冻,29
254,39621921,桜のknight,舰长,45,绿冻,29
255,85807142,吡啶交易所,舰长,181,绿冻,29
256,1196647203,月代ユキ,舰长,79,绿冻,29
257,8147141,如此易碎的日常,舰长,102,绿冻,29
258,1827761323,快给伊果打钱,舰长,81,绿冻,29
259,14495848,KoharuP,舰长,83,绿冻,28
260,32234277,半瓶道人,舰长,198,绿冻,28
261,170672943,ルーマー,舰长,121,绿冻,28
262,674248561,飞机坏飞机坏,舰长,112,绿冻,28
263,172978898,Mercury不是mercury,舰长,18,绿冻,28
264,503742062,天邊雨,舰长,193,绿冻,28
265,1912539,-bug酱-,舰长,73,绿冻,28
266,33943087,终末S,舰长,102,绿冻,28
267,200691284,冷灵森寒999,舰长,62,绿冻,28
268,4242951,空大kd,舰长,15,绿冻,28
269,341184923,濑名爱理的小红袄,舰长,135,绿冻,28
270,123753300,黑桃Mission,舰长,105,绿冻,28
271,443066653,毛线毛裤qaq,舰长,135,绿冻,28
272,21921247,樱绫石,舰长,150,绿冻,28
273,19172254,咕噜咕噜Alin,舰长,178,绿冻,28
274,19904575,Snow_QB,舰长,75,绿冻,28
275,37086494,特大份薯条,舰长,169,绿冻,28
276,455214988,大有问题的瑞希小姐,舰长,120,绿冻,28
277,454040999,头好大绿冻,舰长,32,绿冻,28
278,693544410,yosalki,舰长,62,绿冻,28
279,40934967,海的曙光,舰长,45,绿冻,28
280,455450546,满区家的子豪,舰长,119,绿冻,28
281,171164080,渚酥うす,舰长,114,绿冻,28
282,325902230,doraifurwa,舰长,95,绿冻,28
283,189065157,颢梦,舰长,45,绿冻,28
284,88790589,暴力兔就,舰长,111,绿冻,28
285,20866893,缘亚,舰长,105,绿冻,28
286,3102256,RengeRenge,舰长,15,绿冻,28
287,1960445,杰克X游星,舰长,102,绿冻,28
288,18067697,好像是一块VR信,舰长,75,绿冻,27
289,424707752,拂晓若夜,舰长,71,绿冻,27
290,507707257,四川emo之神,舰长,102,绿冻,27
291,5011728,0chika0,舰长,135,绿冻,27
292,3546828073077431,东方巴黎的忧郁夏尔,舰长,75,绿冻,27
293,100671435,Jaaacky-_-,舰长,123,绿冻,27
294,30011434,正义模仿者,舰长,16,绿冻,27
295,104939415,河九星,舰长,125,绿冻,27
296,131371395,苍老的少年z,舰长,75,绿冻,27
297,2224652,zsu232,舰长,15,绿冻,27
298,384616248,毛毛毛毛线裤,舰长,75,绿冻,27
299,227448697,惜墨恋染,舰长,105,绿冻,27
300,12196786,尾稳脱穿,舰长,113,绿冻,27
301,3493132769430108,向山official,舰长,75,绿冻,27
302,33733738,纯净状态绿冻,舰长,105,绿冻,27
303,6646703,听川丶,舰长,102,绿冻,27
304,370409298,幸运枝叶,舰长,45,绿冻,27
305,65423182,万八千年后人间,舰长,32,绿冻,27
306,1287762,青芜瑜,舰长,102,绿冻,27
307,322622624,灰泽满想要努力变区,舰长,42,绿冻,27
308,25593802,同调群单推人,舰长,116,绿冻,27
309,446724623,秋月遥zuki,舰长,62,绿冻,27
310,13411047,一生少时,舰长,54,绿冻,27
311,23498971,水星のケチャップ,舰长,45,绿冻,27
312,22397295,C1e4rl0ve,舰长,16,绿冻,27
313,20524614,美洲野犬,舰长,15,绿冻,27
314,296874,二中张啸,舰长,32,绿冻,27
315,1525696,山龙隐秀oO,舰长,45,绿冻,27
316,408618633,碎雲拾柒,舰长,32,绿冻,27
317,20775344,Sodar04,舰长,142,绿冻,27
318,11283433,業風,舰长,45,绿冻,27
319,2396905,闌珊凨雨,舰长,45,绿冻,27
320,511095777,蔡哈哈的大丸子,舰长,45,绿冻,26
321,499464350,本人序号龙,舰长,15,绿冻,26
322,177980386,F1T5,舰长,62,绿冻,26
323,247089785,百合营业执照,舰长,62,绿冻,26
324,33654216,肥鸭国王,舰长,71,绿冻,26
325,387236933,歩好看,舰长,78,绿冻,26
326,504194535,hoshi_w,舰长,52,绿冻,26
327,85456079,敕命你带我走吧,舰长,45,绿冻,26
328,433178483,Water不温,舰长,75,绿冻,26
329,21649190,无何有DeepMountain,舰长,45,绿冻,26
330,321098400,中泽满灰出,舰长,35,绿冻,26
331,3546743834675520,_Sunako,舰长,102,绿冻,26
332,27817987,小天使MegumikeS,舰长,45,绿冻,26
333,280713788,玄海姜,舰长,45,绿冻,26
334,179461009,灰泽满家的扫地僧,舰长,48,绿冻,26
335,74161039,弥生-やよい,舰长,49,绿冻,26
336,8120480,你好像只沉睡的猫,舰长,45,绿冻,26
337,4126354,AKAAzure,舰长,106,绿冻,26
338,14138590,我是二狗嘛,舰长,15,绿冻,26
339,1629759589,霍尔莫斯先生,舰长,15,绿冻,26
340,269995080,抵抗力吃,舰长,45,绿冻,26
341,30179264,铃木Rin林rin,舰长,104,绿冻,26
342,482364877,今日塔罗,舰长,32,绿冻,26
343,8943020,Doomshroom,舰长,45,绿冻,26
344,3546576257551005,莫莫克丝,舰长,45,绿冻,26
345,35969141,笨笨笨蛋君,舰长,15,绿冻,26
346,1922051,=-=lll,舰长,75,绿冻,26
347,678432307,拜拜啦戆戆,舰长,32,绿冻,26
348,2952228,龙介x,舰长,15,绿冻,26
349,490066726,日记本没日记,舰长,63,绿冻,26
350,6452706,不眠橘,舰长,45,绿冻,26
351,1764112,Igno-,舰长,75,绿冻,26
352,645831744,莉譜,舰长,45,绿冻,26
353,333053017,洛澪依,舰长,73,绿冻,26
354,356577551,浪里大萝卜_,舰长,75,绿冻,26
355,16290782,四小时路_Kimochi,舰长,15,绿冻,26
356,28054673,-菠萝豆包-,舰长,67,绿冻,26
357,3493257038268887,十六契灵命异事务所,舰长,75,绿冻,26
358,351385481,最迷人的小鸟,舰长,15,绿冻,26
359,56069271,船位于菲比,舰长,15,绿冻,26
360,289022690,苏郁川_Aut,舰长,105,绿冻,26
361,12969612,华二环,舰长,45,绿冻,26
362,286471449,你难道不觉得这很酷吗,舰长,45,绿冻,26
363,6803949,拉吉塔尼旳鹦鹉会笑,舰长,32,绿冻,26
364,227059164,洛可可蓝卡,舰长,45,绿冻,26
365,1773068006,花园包包cccc,舰长,45,绿冻,26
366,56275375,伞木希美反黑站,舰长,100,绿冻,26
367,488012644,该如何命名呢,舰长,19,绿冻,25
368,49703753,纯黑听,舰长,48,绿冻,25
369,41920581,DiverChu,舰长,45,绿冻,25
370,434918226,狼牙土豆拳_,舰长,54,绿冻,25
371,13935237,从小就没办法,舰长,45,绿冻,25
372,350333745,ylg喵喵喵,舰长,120,绿冻,25
373,70551236,飞行幸运,舰长,45,绿冻,25
374,184552348,谢帕德音阶,舰长,79,绿冻,25
375,6317938,缀空辞,舰长,53,绿冻,25
376,45454235,三废四弃,舰长,45,绿冻,25
377,1733817848,makikukeko,舰长,32,绿冻,25
378,40747226,あおあ,舰长,15,绿冻,25
379,2512210,-4B-,舰长,67,绿冻,25
380,12422769,Beartooth90,舰长,15,绿冻,25
381,395280,啥都不会啊,舰长,15,绿冻,25
382,288591275,雨中信哲,舰长,15,绿冻,25
383,88157509,zsmma,舰长,15,绿冻,25
384,55616372,二条信佑,舰长,45,绿冻,25
385,1589463,杨白劳,舰长,32,绿冻,25
386,15273812,melon_s,舰长,15,绿冻,25
387,476152405,则阳秋水,舰长,15,绿冻,25
388,71918,変なパーカー,舰长,45,绿冻,25
389,24078868,山高水又深,舰长,32,绿冻,25
390,97154396,kisswindTuT,舰长,45,绿冻,25
391,115098306,鸡蛋灌饼GOGO,舰长,45,绿冻,25
392,341889872,kocho羽,舰长,42,绿冻,25
393,223303928,斯芙洛丝,舰长,75,绿冻,25
394,442216868,砌青,舰长,15,绿冻,25
395,15115681,洒酒久,舰长,32,绿冻,25
396,3546770877450791,小冉Tiharu,舰长,45,绿冻,25
397,390815625,嗯好的你好,舰长,32,绿冻,25
398,43845464,有濑弥荣,舰长,27,绿冻,25
399,17766823,诺斯菲丽德,舰长,15,绿冻,25
400,348389831,Chloride_ion,舰长,45,绿冻,25
401,494829266,灰泽满糖尿病害我蛀牙,舰长,45,绿冻,25
402,21182644,天才美少女吃人管,舰长,79,绿冻,25
403,32423674,未希天无,舰长,45,绿冻,25
404,440165871,MajorStardust,舰长,45,绿冻,25
405,637884790,临水的普罗旺斯,舰长,41,绿冻,25
406,431321673,八幡咲qaq,舰长,45,绿冻,25
407,10864490,侨树承,舰长,45,绿冻,25
408,3066247,万能西多士,舰长,45,绿冻,25
409,1864450094,_ambre_,舰长,45,绿冻,25
410,109342701,文能研墨提笔,舰长,15,绿冻,25
411,102391025,好姐妹樱小路露娜,舰长,15,绿冻,25
412,8930990,海上鸽鸽子,舰长,38,绿冻,25
413,1364317084,Ace_yuo,舰长,15,绿冻,25
414,55632849,鏡花水月O-O,舰长,45,绿冻,25
415,498722042,破影残风,舰长,15,绿冻,25
416,52604364,空気動力学鲨鱼,舰长,75,绿冻,25
417,475316372,bili_88220728432,舰长,45,绿冻,25
418,401538411,暴行展览,舰长,15,绿冻,25
419,382023601,更更_G3n,舰长,75,绿冻,25
420,286626494,摆白拜掰呗佰栢敗捭,舰长,45,绿冻,25
421,94014433,辰星紫忆,舰长,15,绿冻,25
422,319958014,妖血の翼,舰长,45,绿冻,25
423,399475,ソウルハーベストゥ,舰长,32,绿冻,25
424,219241,カナシカ,舰长,15,绿冻,25
425,105472472,艾米_Akane,舰长,9,绿冻,25
426,404255280,李佳节_节,舰长,15,绿冻,25
427,7863518,Kumoo丶,舰长,19,绿冻,25
428,38455978,做个什么事情,舰长,15,绿冻,25
429,430580651,沙鱼木辛,舰长,15,绿冻,25
430,263799159,比奇卜ALIEZ,舰长,15,绿冻,25
431,358226259,一天都不在,舰长,15,绿冻,25
432,916456,sora-_-穹,舰长,15,绿冻,25
433,1358965952,马里诺之光,舰长,15,绿冻,25
434,433966,咕咕咕鹿人,舰长,45,绿冻,25
435,375404384,没甜食会死,舰长,15,绿冻,24
436,341022655,雪洞_,舰长,45,绿冻,24
437,66616029,Copomelo_,舰长,45,绿冻,24
438,21762344,Camellia_茶梅,舰长,59,绿冻,24
439,270796568,不会魔法的Akko,舰长,4,绿冻,24
440,1280871372,一條蠕動的蛆,舰长,16,绿冻,24
441,368981,海獭frozen,舰长,4,绿冻,24
442,126606628,上弦月下悬月上,舰长,15,绿冻,24
443,347110199,林泽满灰玉,舰长,28,绿冻,24
444,432244854,--spuria--,舰长,15,绿冻,24
445,483211228,沉甸甸吃个够v,舰长,12,绿冻,24
446,95567116,氵张一鸸,舰长,49,绿冻,24
447,436799720,就叫汐落吧,舰长,15,绿冻,24
448,2145851701,益335,舰长,15,绿冻,24
449,324284874,愛-し-て-る-,舰长,15,绿冻,24
450,9706871,Kamuri_,舰长,15,绿冻,24
451,1077377894,网友灰顺满,舰长,15,绿冻,24
452,290919097,浪客耄耋,舰长,19,绿冻,24
453,13042599,桃花满萤,舰长,15,绿冻,24
454,47271687,Ivo73,舰长,15,绿冻,24
455,3768331,重新等待大的,舰长,15,绿冻,24
456,175809852,步步跳,舰长,15,绿冻,24
457,544386930,Skadi-OvO,舰长,45,绿冻,24
458,4047993,灰斯特满满,舰长,45,绿冻,24
459,11985690,满眼青山,舰长,15,绿冻,24
460,3546921174043057,椰椰椰子鸡Ovo,舰长,50,绿冻,24
461,272853459,B1ueRat,舰长,15,绿冻,24
462,567407031,Ikuhara,舰长,16,绿冻,24
463,2092035544,秋光向怀阳,舰长,49,绿冻,24
464,17457739,温柔地微笑,舰长,15,绿冻,24
465,303554366,奧本海睦0_0,舰长,15,绿冻,24
466,38313743,小yo友,舰长,15,绿冻,24
467,188885478,hopef5,舰长,44,绿冻,24
468,316595366,蒲公英xa,舰长,15,绿冻,24
469,1952354807,茶道风林火山,舰长,15,绿冻,24
470,2049960,yzkyzkyzk531,舰长,15,绿冻,24
471,23688682,星有凛兮,舰长,15,绿冻,24
472,3537117586131656,我也是个牛仔裤,舰长,15,绿冻,24
473,551121857,TaketaRin,舰长,15,绿冻,24
474,491711712,灬彡嘻嘻彡灬,舰长,15,绿冻,24
475,36273294,爱穿秋裤z,舰长,54,绿冻,24
476,21135377,蟹粉汤包小y,舰长,14,绿冻,24
477,138495176,SHAandsha,舰长,15,绿冻,24
478,52628736,打工杏仁,舰长,15,绿冻,24
479,23643252,蓎藙,舰长,15,绿冻,24
480,5709088,・-・,舰长,37,绿冻,24
481,8337523,紀米米米,舰长,15,绿冻,24
482,3546657058719789,雾与尘灰,舰长,15,绿冻,24
483,174878820,秋风秋叶秋飘落,舰长,15,绿冻,24
484,286190238,地球的那个人,舰长,15,绿冻,24
485,1274426496,在下浮梦_fumeng,舰长,15,绿冻,24
486,62569757,shadowless-w-,舰长,16,绿冻,24
487,88261381,吃肉糯米什么时候熟啊,舰长,4,绿冻,24
488,314410265,゚京昭,舰长,15,绿冻,24
489,3494359402023452,时分角,舰长,15,绿冻,24
490,2214643,鏡帰,舰长,15,绿冻,24
491,438148444,FakeShiNe,舰长,15,绿冻,24
492,358686889,窃玉_,舰长,15,绿冻,24
493,3546382143064722,もえごえしんじゃ,舰长,15,绿冻,24
494,280776218,雾雨春人17678,舰长,15,绿冻,24
495,1030531686,hater尔,舰长,15,绿冻,24
496,366715883,古河易,舰长,15,绿冻,24
497,47357641,此处略去一万字,舰长,15,绿冻,24
498,52849014,幻云v小友,舰长,15,绿冻,24
499,497589202,灰色大魔王kiz,舰长,45,绿冻,24
500,15785192,宇宙五尺半,舰长,55,绿冻,24
501,17451784,鳴瀨白羽丶,舰长,45,绿冻,24
502,444120707,纪澜233,舰长,15,绿冻,24
503,34919117,高性能萝卜子desu,舰长,15,绿冻,24
504,674021688,FrancoColapinto,舰长,15,绿冻,24
505,11202505,东方荆兰,舰长,19,绿冻,24
506,7960574,hawi1,舰长,15,绿冻,24
507,3706947341650111,bili_51283508132,舰长,12,绿冻,24
508,453775445,用户名过长-,舰长,45,绿冻,24
509,367288263,InfernobleKnight,舰长,15,绿冻,24
510,39718475,雾雨_藜云,舰长,15,绿冻,24
511,818127,灰澤ミチル成長中,舰长,15,绿冻,24
512,10093973,某_君,舰长,38,绿冻,24
513,275258631,Lucien_BK,舰长,43,绿冻,24
514,1764607856,晨曦月溟,舰长,19,绿冻,24
515,691323624,空心石Shiori,舰长,45,绿冻,24
516,389111620,carbon_rcio,舰长,45,绿冻,24
517,1844901,INH桑,舰长,15,绿冻,24
518,9815726,因吹思聼,舰长,15,绿冻,24
519,23106130,Saidover,舰长,14,绿冻,24
520,402778955,摇曳盛安,舰长,15,绿冻,24
521,494513135,KomeijilKoishi,舰长,15,绿冻,24
522,7539306,无光教堂,舰长,15,绿冻,24
523,225479437,虚妄造纸机,舰长,15,绿冻,24
524,300909669,某不愿露面的提督,舰长,15,绿冻,24
525,3546578251942492,hudahv,舰长,4,绿冻,24
526,3832896,不锈钢马桶圈,舰长,15,绿冻,24
527,34897139,堪折w,舰长,15,绿冻,24
528,154999,椎叶清次,舰长,15,绿冻,24
529,300965608,由薰,舰长,15,绿冻,24
530,1321306,Vino此间,舰长,15,绿冻,24
531,1942592728,魂断鸳鸯桥,舰长,15,绿冻,24
532,13442020,houledan,舰长,15,绿冻,24
533,100812323,TokaiBaki,舰长,15,绿冻,24
534,1688952767,我也来网上冲浪,舰长,15,绿冻,24
535,64962369,百里悠,舰长,15,绿冻,24
536,5967034,堀口悠紀子,舰长,15,绿冻,24
537,261713880,1000na,舰长,15,绿冻,23
538,36470420,雨渡ss,舰长,15,绿冻,23
539,44298107,玩心观察者,舰长,15,绿冻,23
540,475873391,红酒还是小杯beer,舰长,15,绿冻,23
541,20119920,今天也要白兰,舰长,15,绿冻,23
542,111155312,亚尔缇娜_奥莱恩,舰长,15,绿冻,23
543,11583335,冷色的旋律,舰长,15,绿冻,23
544,56294794,石原里美法定男友,舰长,15,绿冻,23
545,638054,gload,舰长,15,绿冻,23
546,8931117,三色青羽,舰长,15,绿冻,23
547,3546633241364519,吾辈は猫である,舰长,15,绿冻,23
548,563787,湊元,舰长,15,绿冻,23
549,5322494,小龙龙笼包,舰长,15,绿冻,23
550,67259759,周末出太阳,舰长,45,绿冻,23
551,8366702,一千君,舰长,15,绿冻,23
552,398479969,灰泽满的主人女同学,舰长,15,绿冻,23
553,498572380,露比743,舰长,15,绿冻,23
554,1696006216,无畏铲车丶戴java,舰长,15,绿冻,23
555,36287661,梦翎bili,舰长,15,绿冻,23
556,3493126175984613,NeNeNeNeNe-,舰长,19,绿冻,23
557,14105767,アオコ-,舰长,15,绿冻,23
558,418350395,sea天冬,舰长,15,绿冻,23
559,341061242,Harrius,舰长,21,绿冻,23
560,526863176,超级水獭进行时,舰长,16,绿冻,23
561,2585379,滑蛋猪扒饭,舰长,15,绿冻,23
562,19128474,和平逻辑,舰长,15,绿冻,23
563,133405665,我懒故我在L-OvO,舰长,15,绿冻,23
564,233275620,丧失萨Z,舰长,15,绿冻,23
565,2129058013,哒哒舞步,舰长,15,绿冻,23
566,436650158,韭菜西元前,舰长,15,绿冻,23
567,3546955569433000,迷语花,舰长,14,绿冻,23
568,317470916,Yuy鱼鱼鱼Ooo,舰长,7,绿冻,23
569,276455127,黛玉器械,舰长,18,绿冻,23
570,3546378366094190,Hazeless,舰长,14,绿冻,23
571,192312060,区在满后面一几一几,舰长,15,绿冻,23
572,236613146,漏了右is,舰长,15,绿冻,23
573,5956257,绫濑sakii,舰长,15,绿冻,23
574,158901105,ksjchew64,舰长,15,绿冻,23
575,26740430,佐佐为,舰长,15,绿冻,23
576,394250161,黑瘦而学弱h,舰长,15,绿冻,23
577,195230837,-小小空-,舰长,15,绿冻,23
578,178398894,不太会读书,舰长,15,绿冻,23
579,187664841,筱枭叫北牧枭,舰长,15,绿冻,23
580,628132,hachi647,舰长,15,绿冻,23
581,1577142772,服务器有点事情,舰长,15,绿冻,23
582,33517998,嗣壹,舰长,19,绿冻,23
583,21519152,-君がいて水になる,舰长,15,绿冻,23
584,37083649,翊-yi-然,舰长,15,绿冻,23
585,398078435,诺恒zzz,舰长,59,绿冻,23
586,196793291,suzumii,舰长,15,绿冻,23
587,228009414,Hydro9en,舰长,41,绿冻,23
588,4544363,Sauerkirsche,舰长,15,绿冻,23
589,332623470,柚恩排骨蓮子汤,舰长,15,绿冻,23
590,5451064,黑色寂寞丶,舰长,15,绿冻,23
591,9572003,鲨鱼鳍-,舰长,15,绿冻,23
592,14952305,八八八九寺,舰长,15,绿冻,23
593,3537112202742095,灰泽满家的优等,舰长,15,绿冻,23
594,17685531,真理落,舰长,15,绿冻,23
595,207114,姬宮千歌音,舰长,15,绿冻,23
596,166459066,AmberKey,舰长,15,绿冻,23
597,285279962,Daniyar77,舰长,15,绿冻,23
598,24920323,小水杉树,舰长,15,绿冻,23
599,207074,神卡,舰长,15,绿冻,23
600,84502781,桌子上的矿泉水,舰长,15,绿冻,23
601,1499655,尼赫力斯特,舰长,15,绿冻,23
602,143146335,灰泽满家的雪沫,舰长,15,绿冻,23
603,8794714,风星星,舰长,15,绿冻,23
604,520365327,Nilk_OwO,舰长,15,绿冻,23
605,5458863,アルバムの中,舰长,15,绿冻,23
606,13741173,我该改个什么名字呢丶,舰长,15,绿冻,23
607,415413210,梦里按快门,舰长,15,绿冻,23
608,14106558,西里尔Cyril,舰长,14,绿冻,23
609,23004940,radkon,舰长,15,绿冻,23
610,3546788690659459,一条满区灰灰,舰长,18,绿冻,23
611,810129,夢見邊緣人,舰长,15,绿冻,23
612,20094643,哈哈那日OvO,舰长,15,绿冻,23
613,3546554161957832,非要个名字呃呃,舰长,15,绿冻,23
614,3546579461999053,和灰泽满一起退步,舰长,57,绿冻,23
615,482318198,煎寿_,舰长,15,绿冻,23
616,3546631588809241,遊羿,舰长,49,绿冻,23
617,415490347,邪气星,舰长,15,绿冻,23
618,37640497,穷哥们十字捏,舰长,15,绿冻,23
619,189910532,要怎样才能起一个别人没起过的名字,舰长,15,绿冻,23
620,363206380,白色丿香菜,舰长,15,绿冻,23
621,407791349,碗厨家的银行业本人,舰长,16,绿冻,23
622,21236050,无限泡影ovo,舰长,15,绿冻,23
623,39626,puruspa,舰长,15,绿冻,23
624,20247223,被ddl追赶的阿之,舰长,14,绿冻,23
625,11688710,白字杠精,舰长,15,绿冻,23
626,526563121,-青山照-,舰长,15,绿冻,23
627,160390835,阿卡莺丶,舰长,15,绿冻,23
628,350242301,尼古拉科威奇,舰长,15,绿冻,23
629,390370307,朱古力可爱多,舰长,15,绿冻,23
630,3494351441234422,ujttcg,舰长,15,绿冻,23
631,293801372,清恒子祥,舰长,15,绿冻,23
632,5877229,逆转过偏差,舰长,15,绿冻,23
633,159555214,梦中情人李佳玉,舰长,15,绿冻,23
634,351449256,奶绿的一切都很真,舰长,15,绿冻,23
635,1965078,纪伊璃,舰长,15,绿冻,23
636,316573858,木之kino,舰长,7,绿冻,23
637,8938510,兢兢业业勤勤恳恳,舰长,15,绿冻,23
638,94655136,一箱水母,舰长,15,绿冻,23
639,400639628,---yuyu----,舰长,12,绿冻,23
640,4741086,多游一米,舰长,15,绿冻,23
641,90919829,星无空,舰长,15,绿冻,23
642,228457442,慧星幻樱,舰长,15,绿冻,23
643,102315893,枕簟清寒,舰长,15,绿冻,23
644,485097014,阿嘞妈耶,舰长,15,绿冻,23
645,413130387,Hierdling,舰长,15,绿冻,23
646,231724692,骗你的还没睡,舰长,15,绿冻,23
647,16208920,一个查理布朗,舰长,4,绿冻,23
648,452275952,易安难安__,舰长,16,绿冻,23
649,3546888468957454,pjdma,舰长,15,绿冻,23
650,3494359360080337,我来监督灰泽满,舰长,15,绿冻,23
651,29201830,离不开被窝的gogo,舰长,15,绿冻,23
652,323838882,呛a-,舰长,15,绿冻,23
653,3537117107981020,许流於,舰长,15,绿冻,23
654,396466690,锑犬,舰长,15,绿冻,23
655,35028385,真我的倒影,舰长,15,绿冻,23
656,290939920,柳木雪,舰长,23,绿冻,23
657,282830841,サィサキ,舰长,15,绿冻,23
658,470298541,顾呃呃z,舰长,15,绿冻,23
659,244347986,Aethed,舰长,15,绿冻,23
660,254086959,夜丶阑雨,舰长,15,绿冻,23
661,1942964805,ジュース_,舰长,15,绿冻,23
662,16924036,_默认值_,舰长,15,绿冻,23
663,1606881,拌_饭,舰长,15,绿冻,23
664,228923655,CheshireGene_,舰长,15,绿冻,23
665,3537125244930479,FM-Liao,舰长,15,绿冻,23
666,24543000,想吃口玉子,舰长,15,绿冻,23
667,7820347,月落满空山,舰长,15,绿冻,23
668,294556176,伪月彼得罗奇,舰长,14,绿冻,23
669,390501530,喷哒er,舰长,15,绿冻,23
670,350373756,弥曜,舰长,15,绿冻,23
671,521557841,煙灰跌落尘埃,舰长,4,绿冻,23
672,1228561278,芝麻志摩芝麻凛,舰长,15,绿冻,23
673,295598272,明前LUKA,舰长,15,绿冻,23
674,39553962,妖鸠零,舰长,15,绿冻,23
675,456859213,IN2N1GHT,舰长,15,绿冻,23
676,147343424,喜欢肾虚萌音,舰长,15,绿冻,23
677,1771988384,素生糸,舰长,15,绿冻,23
678,30330388,特製巧克力,舰长,15,绿冻,23
679,193524915,橘儿炒西米,舰长,15,绿冻,23
680,296419855,空子挼,舰长,15,绿冻,23
681,89386885,殘肢鉚合器,舰长,15,绿冻,22
682,252968298,伊卡洛斯daisukii,舰长,4,绿冻,22
683,13439545,困困累累呼呼喵,舰长,15,绿冻,22
684,223281598,RES0N4NCE,舰长,15,绿冻,22
685,1778568769,是深心捏,舰长,15,绿冻,22
686,1149064559,十六萤Izayoi,舰长,15,绿冻,22
687,290682181,久野くるみ,舰长,15,绿冻,22
688,348412324,正人君子midone,舰长,15,绿冻,22
689,7273515,melt_out,舰长,15,绿冻,22
690,13736874,暹罗暹罗Toxy,舰长,21,绿冻,22
691,481754565,xxxbbbsssb,舰长,15,绿冻,22
692,114469310,原教旨ロリコン,舰长,15,绿冻,22
693,291564725,银河飘流,舰长,15,绿冻,22
694,1627590994,椿酱最可爱_,舰长,14,绿冻,22
695,505615790,懒得打理,舰长,15,绿冻,22
696,476777481,抹茶糯米糍Mochi,舰长,15,绿冻,22
697,107758223,却下します,舰长,15,绿冻,22
698,396604586,好想打GG,舰长,12,绿冻,22
699,200306797,虎爪上の菠萝,舰长,15,绿冻,22
700,13817509,DIANAVARAIN,舰长,15,绿冻,22
701,441312781,吸墨很养生,舰长,15,绿冻,22
702,252417661,三只四只五只六只,舰长,14,绿冻,22
703,88105492,山青云路,舰长,15,绿冻,22
704,298725881,炽天使二代目,舰长,15,绿冻,22
705,2601175,kento23,舰长,15,绿冻,22
706,33888161,汐萍,舰长,25,绿冻,22
707,521097630,超绝不经意OvO,舰长,15,绿冻,22
708,453510622,木响,舰长,15,绿冻,22
709,482663558,淬羽xl,舰长,23,绿冻,22
710,1451035367,widjdjsj,舰长,15,绿冻,22
711,34688405,下雨后的天空6666,舰长,15,绿冻,22
712,214789740,fear_is_love,舰长,16,绿冻,22
713,300007115,残雪寂然,舰长,15,绿冻,22
714,28450345,Gardenia20,舰长,15,绿冻,22
715,291729254,空月幻夜,舰长,15,绿冻,22
716,391801069,某天才兔子,舰长,15,绿冻,22
717,30011611,智慧又强大的冰精,舰长,15,绿冻,22
718,8065515,不爱笑的忒伊亚,舰长,15,绿冻,22
719,2106620636,奥地利的弗洛伊德,舰长,15,绿冻,22
720,14880674,不做人の羊,舰长,15,绿冻,22
721,1732937441,如果天无雨,舰长,15,绿冻,22
722,3690988845402737,ccccccccsl,舰长,15,绿冻,22
723,243466035,无敌勇者王x,舰长,30,绿冻,22
724,3703891,Gumoko,舰长,4,绿冻,22
725,364364045,MDRA1,舰长,15,绿冻,22
726,1840981800,C1ama,舰长,15,绿冻,22
727,26204888,染hINo,舰长,15,绿冻,22
728,23191218,双花Ginka,舰长,15,绿冻,22
729,359767149,什么都玩Leo王,舰长,4,绿冻,22
730,351569640,ddd123456789010,舰长,15,绿冻,22
731,39735675,佳豪大大,舰长,14,绿冻,22
732,17323571,观众型人偶,舰长,15,绿冻,22
733,756732,桶装蜜瓜,舰长,4,绿冻,22
734,434732,K4tze_,舰长,15,绿冻,22
735,3707016988068050,漂香拌面,舰长,15,绿冻,22
736,3546883991538092,九五下源,舰长,15,绿冻,22
737,36405677,CeciliaAria,舰长,15,绿冻,22
738,3493106200611091,兮皓,舰长,15,绿冻,22
739,283808227,大葱兔,舰长,15,绿冻,22
740,8142366,过分QAQ,舰长,15,绿冻,22
741,33738292,拉面馆泪汪汪的椰子蟹,舰长,15,绿冻,22
742,353146282,十二大人喵,舰长,15,绿冻,22
743,615294,秽翼の马鹿,舰长,12,绿冻,22
744,13969932,我的心灵ok,舰长,15,绿冻,22
745,2097522328,永远的女仆爱拉,舰长,15,绿冻,22
746,88772404,龙之曜0-0,舰长,15,绿冻,22
747,354415366,夜明けと蛍光,舰长,17,绿冻,22
748,273370897,Timer_A,舰长,14,绿冻,22
749,553261633,撑起龟壳缩进被窝,舰长,15,绿冻,22
750,318643215,寂寞忧冰,舰长,15,绿冻,22
751,426677562,灰澤螨,舰长,15,绿冻,22
752,494459913,好きK-ON,舰长,15,绿冻,22
753,11787828,大图书馆的文学少女,舰长,4,绿冻,22
754,317085530,法比桉,舰长,15,绿冻,22
755,1602053,佩尔基萨斯,舰长,15,绿冻,22
756,245749287,芒果赖布丁,舰长,15,绿冻,22
757,3493263835138792,Lichia_,舰长,15,绿冻,22
758,484211879,哀悼之伤-,舰长,15,绿冻,22
759,15823068,xuan_xuan1024,舰长,15,绿冻,22
760,363879202,Figureフィギュア,舰长,15,绿冻,22
761,24930212,what-a-snow,舰长,6,绿冻,22
762,226954035,Sitermy,舰长,15,绿冻,22
763,5712041,Chenoda,舰长,19,绿冻,22
764,270987301,-風音日和-,舰长,15,绿冻,22
765,516816353,-锦临_,舰长,15,绿冻,22
766,294665525,雨中-人,舰长,15,绿冻,22
767,360651153,AyaseSio,舰长,15,绿冻,22
768,290788700,Marfty_,舰长,15,绿冻,22
769,37780699,JustKey_D,舰长,15,绿冻,22
770,396380882,猛禽-白球球,舰长,15,绿冻,22
771,31554805,聲形,舰长,15,绿冻,22
772,412885607,子虚雍,舰长,15,绿冻,22
773,192280477,公元前2世纪,舰长,15,绿冻,22
774,40641813,withoutmotive,舰长,15,绿冻,22
775,67807549,纯良www,舰长,15,绿冻,22
776,325346014,我单推蛮多的,舰长,15,绿冻,22
777,14398465,月光Mo0nlight,舰长,15,绿冻,22
778,518496188,Exilexio,舰长,15,绿冻,22
779,281700000,ZWYTHD,舰长,15,绿冻,22
780,6573567,蘑菇游戏高手,舰长,15,绿冻,22
781,677926377,Misakyh,舰长,15,绿冻,22
782,507294732,yrros0423,舰长,15,绿冻,22
783,281185945,狂奔奔向笨笨狗,舰长,15,绿冻,22
784,369417,皇树龙一,舰长,15,绿冻,22
785,15656417,贰三3三,舰长,15,绿冻,22
786,13308876,溜冰A简单,舰长,15,绿冻,22
787,3129543,喜闻乐见的233,舰长,15,绿冻,22
788,353785596,-落胤,舰长,15,绿冻,22
789,341489832,含绶鸟,舰长,15,绿冻,22
790,6896224,鼓酿春秋,舰长,15,绿冻,22
791,3494357801896532,Mutsumiiiiiii,舰长,15,绿冻,22
792,3546619073005972,furrrrriren,舰长,15,绿冻,22
793,1393263665,2236AD,舰长,15,绿冻,22
794,17496713,有素质的纯路人,舰长,15,绿冻,22
795,341890649,冰绒の故辞,舰长,14,绿冻,22
796,149969882,obj907,舰长,15,绿冻,22
797,359434728,Crush丶璃,舰长,15,绿冻,22
798,299381051,滑天下之大姬,舰长,15,绿冻,22
799,18877701,嗟嘆,舰长,15,绿冻,22
800,23829322,背背泰勒展开式,舰长,15,绿冻,22
801,1779742575,锦桐zz,舰长,15,绿冻,22
802,58915742,二师兄-猪,舰长,15,绿冻,22
803,632998913,DON0TSAVE,舰长,15,绿冻,22
804,152885384,灰泽满的租借男友,舰长,15,绿冻,22
805,23630303,嘉然爱着她的孩子们,舰长,15,绿冻,22
806,8566925,自谦-,舰长,15,绿冻,22
807,283446309,失眠Sariel,舰长,15,绿冻,22
808,33095427,EXusiAI1224221,舰长,15,绿冻,22
809,511055829,kutcher_hollow,舰长,15,绿冻,22
810,378873422,恋绘色,舰长,15,绿冻,22
811,18178804,lebbbbbron,舰长,15,绿冻,22
812,456337051,_味败,舰长,15,绿冻,22
813,517715297,ZoreD123,舰长,15,绿冻,22
814,32352586,夕暮信竹,舰长,4,绿冻,22
815,27308510,sera232,舰长,15,绿冻,22
816,357675416,地球之癌ovo,舰长,15,绿冻,22
817,325356808,Labyrinthreverse,舰长,4,绿冻,22
818,612753454,荷花儿hehuaer,舰长,16,绿冻,22
819,158605721,Exequia1,舰长,15,绿冻,22
820,1960546,莫惜流金,舰长,15,绿冻,22
821,50114284,小井村民,舰长,15,绿冻,22
822,103115587,_空心石_,舰长,15,绿冻,22
823,423161160,蓦然忘情_,舰长,15,绿冻,22
824,4536614,gainspray,舰长,15,绿冻,22
825,38926818,麦香虾仁,舰长,15,绿冻,22
826,1125870231,伊達小Liyuu,舰长,15,绿冻,22
827,25287884,我烂掉惹,舰长,15,绿冻,22
828,429871778,花火mio,舰长,15,绿冻,22
829,1280496814,一条____咸鱼,舰长,15,绿冻,22
830,180934622,老中医王大爷,舰长,15,绿冻,22
831,364731653,笨蛋会找到办法,舰长,17,绿冻,22
832,3630028,Eobserver,舰长,15,绿冻,22
833,384817386,傲念之,舰长,15,绿冻,22
834,94861938,mugimugi酱,舰长,15,绿冻,22
835,513508841,无人问津的新人,舰长,15,绿冻,22
836,400703670,jsifhgf,舰长,15,绿冻,22
837,3707012116383780,黑泽满Huizel,舰长,15,绿冻,22
838,551026705,dioneni,舰长,14,绿冻,22
839,689920749,SHUMKAPO,舰长,17,绿冻,22
840,286640275,vifvl,舰长,15,绿冻,22
841,16810248,猫裤菌,舰长,6,绿冻,22
842,3493269805730593,好姐妹喵顺安,舰长,15,绿冻,22
843,3546624781454251,bili_55177782627,舰长,15,绿冻,22
844,154100722,绘梨UU机,舰长,4,绿冻,22
845,1439370289,能能Nori,舰长,15,绿冻,22
846,1293440,Nino的杂味炖肉,舰长,15,绿冻,22
847,1091122652,rupaaa_,舰长,15,绿冻,22
848,5717030,时雨川,舰长,15,绿冻,22
849,12586177,呵呵神教,舰长,15,绿冻,22
850,13347997,wcdiuu,舰长,15,绿冻,22
851,294408020,一清zephyr,舰长,15,绿冻,22
852,1111072042,bili_13138887300,舰长,15,绿冻,22
853,90590632,PainNumbDespair,舰长,15,绿冻,22
854,2314835,KugimiyaNanase,舰长,15,绿冻,22
855,1674449174,文在靜,舰长,15,绿冻,22
856,1150976664,枝堇Sumire,舰长,15,绿冻,22
857,11382099,灯笼易灭Lantern,舰长,15,绿冻,22
858,18108612,阿斯特科科,舰长,15,绿冻,22
859,1642245,Redin,舰长,4,绿冻,22
860,11309661,夏季冰雹烘焙大师,舰长,15,绿冻,22
861,630888923,永雏江南落雪,舰长,31,绿冻,22
862,364296441,NetRmo,舰长,15,绿冻,22
863,506577747,远旅ivan,舰长,15,绿冻,22
864,11260341,樱樱樱樱矢,舰长,15,绿冻,22
865,386115,思考型芦苇,舰长,15,绿冻,22
866,522576488,灰QwQ-,舰长,15,绿冻,22
867,89223026,忆梦Yume_,舰长,15,绿冻,22
868,3494364812675333,至日边,舰长,15,绿冻,22
869,351527310,HMxia0z,舰长,15,绿冻,22
870,3546556844215113,佳佳6324,舰长,15,绿冻,22
871,258933763,Rinne-Ohara,舰长,15,绿冻,22
872,77363552,神秘账号zz,舰长,7,绿冻,22
873,88769855,春原心奈,舰长,15,绿冻,22
874,1153100489,ミカサ_Official,舰长,15,绿冻,22
875,457398098,碧空湛流,舰长,15,绿冻,22
876,7989775,凹起,舰长,4,绿冻,22
877,262870278,不列颠的饿肚王,舰长,15,绿冻,22
878,313217802,一块冰凉的stone,舰长,15,绿冻,22
879,3706995750210156,久远澪00,舰长,15,绿冻,22
880,403496,Zero_Ash,舰长,15,绿冻,22
881,46901339,天天圆圆,舰长,15,绿冻,22
882,672857886,绿冻炒满区,舰长,15,绿冻,22
883,426995329,LeNy414,舰长,15,绿冻,22
884,476380777,1s079,舰长,15,绿冻,22
885,672615017,---drop---,舰长,15,绿冻,22
886,2315962,忘鹤兰,舰长,15,绿冻,22
887,11497673,燃烧的石头w,舰长,15,绿冻,22
888,35849437,弔desuwa,舰长,15,绿冻,22
889,89076520,冰原火山,舰长,15,绿冻,22
890,398040346,记不完的名字,舰长,15,绿冻,22
891,39855696,-就我没醒-,舰长,15,绿冻,22
892,86856808,男闺蜜-Official,舰长,15,绿冻,22
893,66920161,今不在我,舰长,15,绿冻,22
894,2668416,晓切_,舰长,15,绿冻,22
895,3546785626720757,-EilMi-,舰长,15,绿冻,22
896,110908831,百田PCNeko,舰长,15,绿冻,22
897,177884057,鹏城小能猫,舰长,15,绿冻,22
898,6266706,宇月想冬眠,舰长,15,绿冻,22
899,693645924,从今天开始不乱磕,舰长,15,绿冻,22
900,400322054,因无,舰长,16,绿冻,22
901,39228626,胸手弟弟,舰长,15,绿冻,22
902,240889446,Father_Michael,舰长,15,绿冻,22
903,80097576,小翼鸟xiuu,舰长,15,绿冻,22
904,2012882528,wink_le,舰长,15,绿冻,22
905,292014956,摆摆的蓝,舰长,15,绿冻,22
906,37739565,阿瓦隆-Avalon,舰长,15,绿冻,21
907,404242701,世界ol_归于圣奶绿o_O,舰长,15,绿冻,21
908,4083211,荒野大嫖喵,舰长,15,绿冻,21
909,400296064,斯哈斯喵,舰长,15,绿冻,21
910,6338587,痕菌,舰长,15,绿冻,21
911,103466576,今日是昨日,舰长,15,绿冻,21
912,3493270061583153,Roy20200,舰长,15,绿冻,21
913,3706982416518045,bili_49796086597,舰长,15,绿冻,21
914,382067513,kzias,舰长,15,绿冻,21
915,360304881,z-ist,舰长,15,绿冻,21
916,299158963,仲夏夜鸭,舰长,15,绿冻,21
917,38533407,EC3A131P,舰长,7,绿冻,21
918,692329125,我要睡觉O-O,舰长,15,绿冻,21
919,20020150,西山薇,舰长,19,绿冻,21
920,153801381,优妮瓦斯,舰长,15,绿冻,21
921,182620302,睦头哭哭_837,舰长,15,绿冻,21
922,261681912,Aqua04,舰长,7,绿冻,21
923,437653718,猫猫溜溜冰,舰长,15,绿冻,21
924,645826140,曙光战线,舰长,4,绿冻,21
925,336446283,CeCeNeedMAR,舰长,15,绿冻,21
926,283786332,抽风的雪,舰长,15,绿冻,21
927,409843516,Evilcatt,舰长,15,绿冻,21
928,247241249,千回忆梣,舰长,15,绿冻,21
929,1860374102,温水立香twlx,舰长,15,绿冻,21
930,41590642,-過眠症-,舰长,15,绿冻,21
931,526255543,夜乃樱_Sakura,舰长,15,绿冻,21
932,3537107268143527,超级无敌大南瓜头,舰长,15,绿冻,21
933,1433435,星星与九月,舰长,4,绿冻,21
934,29964888,AliDanse,舰长,15,绿冻,21
935,1903085211,夏夜冰可乐,舰长,15,绿冻,21
936,383953837,月见爱,舰长,15,绿冻,21
937,35372316,楚琰Chuyan,舰长,15,绿冻,21
938,9150346,__-___--_-__,舰长,15,绿冻,21
939,33511761,Akes89,舰长,15,绿冻,21
940,84517019,電子tako,舰长,15,绿冻,21
941,398850856,kopubebe,舰长,15,绿冻,21
942,346991052,玩吉他丶千早爱音,舰长,15,绿冻,21
943,435321607,TreeIron,舰长,15,绿冻,21
944,348273376,灰原绫,舰长,15,绿冻,21
945,3707049137408138,Apuovia,舰长,15,绿冻,21
946,18925944,JtL-_-xD,舰长,15,绿冻,21
947,144784031,西格斯,舰长,15,绿冻,21
948,291379377,SanenLuna,舰长,15,绿冻,21
949,5345668,蛋宝吃蛋堡,舰长,15,绿冻,21
950,400799967,プソ山プソプソ,舰长,15,绿冻,21
951,11965646,路过的神秘哈基米,舰长,15,绿冻,21
952,43881171,小酥榨菜,舰长,15,绿冻,21
953,1519639962,或许是解旋酶,舰长,15,绿冻,21
954,386469533,70711620061_bili,舰长,15,绿冻,21
955,476448644,池君Official,舰长,15,绿冻,21
956,10478398,清眬鲤,舰长,15,绿冻,21
957,88361,凛石海晶,舰长,15,绿冻,21
958,112019,七海_VoV,舰长,15,绿冻,21
959,497090356,玩小祥_Doloris,舰长,15,绿冻,21
960,415484434,很牛的牛人-,舰长,14,绿冻,21
961,6849217,mistakeb,舰长,15,绿冻,21
962,43916419,月下卒,舰长,15,绿冻,21
963,3546834985290275,曼干,舰长,15,绿冻,21
964,200640437,吹笙骑鹄,舰长,15,绿冻,21
965,387097983,Hi_未来和远方,舰长,15,绿冻,21
966,800473,睡醒乱打,舰长,15,绿冻,21
967,1512135167,lezaH_满泽灰,舰长,15,绿冻,21
968,301471584,゙--,舰长,15,绿冻,21
969,321616610,晴岚可爱miu,舰长,15,绿冻,21
970,21259374,茯苓芋圆,舰长,15,绿冻,21
971,477116410,姓林的阿林,舰长,15,绿冻,21
972,66905540,bot_596,舰长,15,绿冻,21
973,1273848353,Aval_,舰长,14,绿冻,21
974,11251908,Damien_天宝,舰长,15,绿冻,21
975,3546700746590501,绿基因先生,舰长,15,绿冻,21
976,402801199,醋酸地塞迷松,舰长,15,绿冻,21
977,336218970,文学少女灰泽满,舰长,15,绿冻,21
978,275320678,闻人宜春,舰长,15,绿冻,21
979,8383665,依俐斯,舰长,15,绿冻,21
980,350716734,随风之刃Eris,舰长,14,绿冻,21
981,36593961,听说改名_会有好运,舰长,15,绿冻,21
982,2649120,Mathemagicka,舰长,15,绿冻,21
983,10823169,yatoro8,舰长,15,绿冻,21
984,36155999,-电风扇-,舰长,15,绿冻,21
985,150496881,AiR0ny,舰长,15,绿冻,21
986,452088930,stupidloli,舰长,15,绿冻,21
987,2935321,苍蠡,舰长,15,绿冻,21
988,24319424,Pharanih,舰长,15,绿冻,21
989,5518617,ryuukou-,舰长,15,绿冻,21
990,3546831785035921,一口盐酱,舰长,15,绿冻,21
991,434062913,海鲸颂晚UwU,舰长,4,绿冻,21
992,393439791,橙雨hi-book,舰长,7,绿冻,21
993,3546379116874105,莓棃苺梨,舰长,15,绿冻,21
994,32567483,如拉如拉蓝,舰长,15,绿冻,21
995,8440757,一升米饭,舰长,15,绿冻,21
996,480434771,绘明,舰长,15,绿冻,21
997,359883771,瓜瓜瓜瓜瓜瓜瓜-,舰长,15,绿冻,21
998,220906398,铁血一个魂,舰长,6,绿冻,21
999,38198924,fine-tuning,舰长,14,绿冻,21
1000,220934301,头上有翔,舰长,15,绿冻,21
1001,1802760722,揣摩,舰长,15,绿冻,21
1002,632995,panda丶灬,舰长,15,绿冻,21
1003,1283091162,asd43c,舰长,15,绿冻,21
1004,71508431,渚不玉,舰长,11,绿冻,21
1005,283082786,霺雨-,舰长,15,绿冻,21
1006,804255,秋月Akizuki-,舰长,15,绿冻,21
1007,7823320,happygg,舰长,15,绿冻,21
1008,218103073,卫宫学长,舰长,15,绿冻,21
1009,26633540,秋桥六师,舰长,15,绿冻,21
1010,150986299,灰原l哀,舰长,15,绿冻,21
1011,299539437,HEherd27,舰长,4,绿冻,21
1012,436976452,5onfer,舰长,15,绿冻,21
1013,213208630,赛落里_silailoli,舰长,15,绿冻,21
1014,318601889,ifthecapfit,舰长,15,绿冻,21
1015,36725366,屮臭豆腐,舰长,15,绿冻,21
1016,7417366,误触没办法不可能的哈,舰长,15,绿冻,21
1017,12855530,까비,舰长,15,绿冻,21
1018,350979689,Nina-27,舰长,15,绿冻,21
1019,277918330,无情的妈耶机器,舰长,15,绿冻,21
1020,198336275,大OKk11ovo,舰长,15,绿冻,21
1021,13439867,linkxyz,舰长,15,绿冻,21
1022,2315758,别说这种任性的话了,舰长,15,绿冻,21
1023,454397731,核舟子,舰长,15,绿冻,21
1024,500866507,SoryuRed,舰长,17,绿冻,21
1025,2105360907,云意YUNE,舰长,15,绿冻,21
1026,119184616,-昼_,舰长,15,绿冻,21
1027,480141,一刀,舰长,15,绿冻,21
1028,3546723492301421,鱼木木夕y,舰长,15,绿冻,21
1029,24203819,妲歌,舰长,21,绿冻,21
1030,23941,路四小时Kimochi,舰长,15,绿冻,21
1031,290868229,几何况www,舰长,15,绿冻,21
1032,36006729,梅萨sonata,舰长,7,绿冻,21
1033,444125631,神楽ゆき,舰长,16,绿冻,21
1034,27136229,蜜桃甘露茶,舰长,15,绿冻,21
1035,3546772691487403,无人之归,舰长,15,绿冻,21
1036,40192957,钠纳呐乸捺,舰长,19,绿冻,21
1037,12859070,月下须臾,舰长,15,绿冻,21
1038,65327630,小托内莉可,舰长,6,绿冻,21
1039,10022383,伊卡iica,舰长,15,绿冻,21
1040,17438977,大雨的白,舰长,15,绿冻,21
1041,434915,星月凛,舰长,15,绿冻,21
1042,30509878,雪中孤叶,舰长,15,绿冻,21
1043,32333872,红豆泥suki,舰长,15,绿冻,21
1044,325150536,萨拉托加才不是钢板呢,舰长,15,绿冻,21
1045,9098363,易丛皋gao,舰长,15,绿冻,21
1046,2385426,鳳陽君,舰长,15,绿冻,21
1047,4333178,波动性巧克力慕斯,舰长,15,绿冻,21
1048,390457243,裢㴫,舰长,15,绿冻,21
1049,17014668,丿灬Sora丶,舰长,15,绿冻,21
1050,3546812906473830,国V重度依赖,舰长,15,绿冻,21
1051,195077174,米希歌Mixigle,舰长,4,绿冻,21
1052,278917916,浮华xx,舰长,15,绿冻,21
1053,177926204,5565259445,舰长,15,绿冻,21
1054,393857255,モガミガワ,舰长,15,绿冻,21
1055,13118675,夜羽子ほや,舰长,15,绿冻,21
1056,3394337,原暗·宇宙终结,舰长,15,绿冻,21
1057,79024764,又一次香芋,舰长,15,绿冻,21
1058,340809,玉玊症犯惹,舰长,15,绿冻,21
1059,1945368052,某神上的神子大人,舰长,15,绿冻,21
1060,280001149,狐臥青丘,舰长,15,绿冻,21
1061,419133939,下于,舰长,15,绿冻,21
1062,3707053851806002,红眼汉克,舰长,4,绿冻,21
1063,505691728,你可以叫我黄焖鸡丫,舰长,15,绿冻,21
1064,3690978741323806,满人痴,舰长,15,绿冻,21
1065,157859901,刘帅不堪回首,舰长,7,绿冻,21
1066,1680153365,CNC199027,舰长,15,绿冻,21
1067,67840624,纯天然乐色,舰长,15,绿冻,21
1068,362745095,作家的文具袋,舰长,15,绿冻,21
1069,11461123,背对疾风吧QAQ,舰长,15,绿冻,21
1070,386374036,星云苍牙,舰长,15,绿冻,21
1071,33029936,朱泽满,舰长,15,绿冻,21
1072,167405025,OrekiH,舰长,15,绿冻,21
1073,2143678767,筱筱滨滨,舰长,15,绿冻,21
1074,403365576,马头-official,舰长,15,绿冻,21
1075,178698845,勇者的名字不叫怀特,舰长,15,绿冻,21
1076,3707009620773734,Toskur,舰长,19,绿冻,21
1077,185191,1364012873,舰长,15,绿冻,21
1078,107089,稳健的剑圣,舰长,7,绿冻,21
1079,6961286,bonesword,舰长,15,绿冻,21
1080,383240765,浮叶FL,舰长,15,绿冻,21
1081,189587,艹殘影丶,舰长,15,绿冻,21
1082,495259944,噫-好我中了,舰长,15,绿冻,21
1083,23007696,鳝于玩乐,舰长,8,绿冻,21
1084,255906080,沙雕の方块,舰长,15,绿冻,21
1085,590611,一起来找茬,舰长,15,绿冻,21
1086,470240277,纸球宇宙,舰长,15,绿冻,21
1087,8664910,鲸见w,舰长,15,绿冻,21
1088,33149551,姑射仙,舰长,15,绿冻,21
1089,3189941,小小genius,舰长,15,绿冻,21
1090,12898730,结城sakuna,舰长,14,绿冻,21
1091,477033237,Aiopr_3000,舰长,15,绿冻,21
1092,36378117,金色工贼,舰长,15,绿冻,21
1093,37957071,我以为我们永远有话说,舰长,15,绿冻,21
1094,263395,envision90,舰长,15,绿冻,21
1095,24165262,有马加奈_,舰长,15,绿冻,21
1096,3493286777981005,-時羽-,舰长,4,绿冻,21
1097,934546,彩色灰,舰长,15,绿冻,21
1098,83870353,祈祷落幕中,舰长,15,绿冻,21
1099,198591797,Megumi_i,舰长,15,绿冻,21
1100,422668851,TempleGlancer,舰长,15,绿冻,21
1101,415503366,临水照花加油努力,舰长,15,绿冻,21
1102,293330003,土块魔王,舰长,15,绿冻,21
1103,17863741,DBAJS,舰长,15,绿冻,21
1104,361009907,CYZ--,舰长,15,绿冻,21
1105,3007485,djjze,舰长,15,绿冻,21
1106,360772185,福猫飯店,舰长,15,绿冻,21
1107,8477697,蜂蜜尤加利叶,舰长,4,绿冻,21
1108,34401214,丶Sora是天,舰长,15,绿冻,21
1109,360916862,Linkions,舰长,15,绿冻,21
1110,455040173,我在做梦_啊,舰长,15,绿冻,21
1111,176865119,活鱼LiveFish,舰长,15,绿冻,21
1112,8208286,Kanooo丶,舰长,9,绿冻,21
1113,663620883,lxl-lxl,舰长,15,绿冻,21
1114,453861796,春月森雨,舰长,15,绿冻,21
1115,3706933785659401,拧巴大赛第一名,舰长,15,绿冻,21
1116,267381114,翱翔天蓝色-,舰长,15,绿冻,21
1117,488417008,宫城叶月ぃ,舰长,4,绿冻,21
1118,8795062,御陵御影,舰长,15,绿冻,21
1119,671004264,Fraoi,舰长,15,绿冻,21
1120,1253285140,网友南琴梨,舰长,15,绿冻,21
1121,94076178,hanger__,舰长,15,绿冻,21
1122,29210201,花间持酒゛,舰长,15,绿冻,21
1123,33786463,Maniac---,舰长,15,绿冻,21
1124,8289447,windarking,舰长,15,绿冻,21
1125,12221456,席夜_,舰长,15,绿冻,21
1126,384363641,邪姬Deviki,舰长,15,绿冻,21
1127,3707047721830994,绯狸Felicitas,舰长,15,绿冻,21
1128,3546896459106627,浣考子,舰长,15,绿冻,21
1129,3443476,桥伊,舰长,15,绿冻,21
1130,629275545,YEEthis,舰长,4,绿冻,21
1131,364744700,forecast123,舰长,15,绿冻,21
1132,8132053,梦与时光眠OvO,舰长,7,绿冻,21
1133,287776999,みさか7み,舰长,15,绿冻,21
1134,166374108,Kimhanni,舰长,12,绿冻,21
1135,638347,新月ミカヅキ,舰长,15,绿冻,21
1136,252289735,LiNeRror,舰长,7,绿冻,21
1137,18401407,丶晚安丨,舰长,15,绿冻,21
1138,1278311,Astra无应,舰长,15,绿冻,21
1139,482229032,粉髮紅瞳鱉鱉廚,舰长,14,绿冻,21
1140,6720654,张姐很暴躁,舰长,15,绿冻,21
1141,661894997,宅若久时天然呆qwq,舰长,15,绿冻,21
1142,437368253,哇塞你好萌o,舰长,15,绿冻,21
1143,14738158,吸喵,舰长,15,绿冻,21
1144,354788052,_可是今天想睡觉,舰长,23,绿冻,21
1145,1280681,MAX负能量,舰长,4,绿冻,21
1146,436840750,雾中仙Estell,舰长,15,绿冻,21
1147,1992336508,Atago_,舰长,14,绿冻,21
1148,85328097,Kurkeys,舰长,15,绿冻,21
1149,3494366605740382,Nickooyu,舰长,15,绿冻,21
1150,3494353118956393,Nana弥w,舰长,21,绿冻,21
1151,670314240,露ルル,舰长,15,绿冻,21
1152,783927,神奇天使JL,舰长,15,绿冻,21
1153,454049665,安艺-诗羽,舰长,15,绿冻,21
1154,299998001,ww最丑,舰长,15,绿冻,21
1155,284991347,我们露比党,舰长,15,绿冻,21
1156,24425798,-TAC50-,舰长,7,绿冻,21
1157,39769424,クモモクモ,舰长,15,绿冻,21
1158,525559322,浮月小可爱,舰长,15,绿冻,21
1159,402766,黑君kuro,舰长,15,绿冻,21
1160,37193855,空白de星,舰长,15,绿冻,21
1161,299181849,鹅莓酥,舰长,4,绿冻,21
1162,687827448,ever712,舰长,15,绿冻,21
1163,38416200,马应龙牌菊部暗疮膏,舰长,15,绿冻,21
1164,90161790,三家姓白,舰长,15,绿冻,21
1165,3546814470949064,徽螭,舰长,15,绿冻,21
1166,2444896,十里霜红,舰长,15,绿冻,21
1167,130475264,wwwwRTX,舰长,15,绿冻,21
1168,59789840,我母鸡了,舰长,15,绿冻,21
1169,451073354,墨水色丶,舰长,15,绿冻,21
1170,1643098023,三咲的久万梨金鹿本人,舰长,15,绿冻,21
1171,483497261,青東客_,舰长,15,绿冻,21
1172,12267831,快点逃离网络世界,舰长,15,绿冻,21
1173,3546961294657804,樱井端孝,舰长,21,绿冻,21
1174,18634664,区区laplace,舰长,15,绿冻,21
1175,43918124,清河居,舰长,15,绿冻,21
1176,42985584,你菜别怪我啊,舰长,15,绿冻,21
1177,3232619,月san,舰长,15,绿冻,21
1178,329030431,发电仙人,舰长,15,绿冻,21
1179,130620314,满区亡命坡县,舰长,15,绿冻,21
1180,6285370,北城QVQ,舰长,15,绿冻,21
1181,19871,狮堂真奈Official,舰长,15,绿冻,21
1182,127743,__露露比,舰长,15,绿冻,21
1183,353153632,秋枫叶梦,舰长,15,绿冻,21
1184,5835665,紫米猫猫头,舰长,15,绿冻,21
1185,4636619,微微晩风,舰长,15,绿冻,21
1186,308679756,刷刷堡QwQ,舰长,19,绿冻,21
1187,347084429,北初Bccc,舰长,15,绿冻,21
1188,540681,偶像情酱,舰长,15,绿冻,21
1189,24463685,网友阿顺夸,舰长,15,绿冻,21
1190,2141831,イナトス,舰长,15,绿冻,21
1191,525135493,星际漫步丶,舰长,12,绿冻,21
1192,499171421,五九楼仙万君,舰长,7,绿冻,21
1193,11025699,风华丶風華,舰长,15,绿冻,21
1194,10288162,0755自由者,舰长,15,绿冻,21
1195,433516692,迷路の灯,舰长,15,绿冻,21
1196,34851362,客服二号爱音,舰长,14,绿冻,21
1197,287850,房导,舰长,18,绿冻,21
1198,151001093,安原采蘋,舰长,15,绿冻,21
1199,1471300,黑羽このみ,舰长,14,绿冻,21
1200,108183531,lk527,舰长,15,绿冻,21
1201,29279578,也就凛枫,舰长,15,绿冻,21
1202,1639647,暗夜放大镜,舰长,15,绿冻,21
1203,522520260,并非数字,舰长,15,绿冻,21
1204,225229854,白井贺川,舰长,17,绿冻,21
1205,285250460,財布_ないわ,舰长,12,绿冻,21
1206,3901147,琳卡-,舰长,15,绿冻,21
1207,13404705,炫光谱尼,舰长,15,绿冻,21
1208,175988729,河南皮套之神,舰长,15,绿冻,21
1209,288679583,嚼着软糖想鸽子,舰长,15,绿冻,21
1210,3944894,谁言前路难,舰长,15,绿冻,21
1211,327529419,Nevermore永不单推,舰长,15,绿冻,21
1212,513081226,花礼和炒饭家的小墨,舰长,15,绿冻,21
1213,3707017885648988,研究红学的雪菜,舰长,15,绿冻,21
1214,3546837499775906,不管就是喜欢未来酱,舰长,15,绿冻,21
1215,3546666441378518,羽衣祐,舰长,15,绿冻,21
1216,13135276,顾萌Komoe,舰长,15,绿冻,21
1217,1084939134,正版影砸,舰长,15,绿冻,21
1218,865887,咻咻咻丨,舰长,15,绿冻,21
1219,642398037,深_の蓝,舰长,15,绿冻,21
1220,1464721816,暮-星yoru,舰长,15,绿冻,21
1221,266946932,Cinder亏哦,舰长,7,绿冻,21
1222,12846955,我先洗澡去了,舰长,4,绿冻,21
1223,208974249,百合园圣娅Official,舰长,15,绿冻,21
1224,8588966,可以开始D了,舰长,9,绿冻,21
1225,83064,ssskkk1234,舰长,15,绿冻,21
1226,74201527,凛雪舞,舰长,15,绿冻,21
1227,666342,张贤V,舰长,15,绿冻,21
1228,6099760,至尊车手,舰长,15,绿冻,21
1229,516959746,迪埃欧,舰长,25,绿冻,21
1230,482935891,开心奶铁,舰长,15,绿冻,21
1231,44384940,星風_Karos,舰长,15,绿冻,21
1232,3707049584102188,silailoli,舰长,15,绿冻,21
1233,3707048990607537,凌晨四点在发光,舰长,15,绿冻,21
1234,365247143,穆-夏,舰长,23,绿冻,21
1235,3546389697006250,历弦,舰长,15,绿冻,21
1236,3494357246150741,卷毛姆,舰长,3,绿冻,21
1237,3493141801863490,羽绫陵,舰长,15,绿冻,21
1238,29074372,孤独的人孤独的心,舰长,15,绿冻,21
1239,16178549,Allyagate,舰长,15,绿冻,21
1240,1536601294,莉蔻Liko,舰长,15,绿冻,21
1241,1396729353,听满满海风吹过,舰长,15,绿冻,21
1242,108114579,鸽形目鸠鸽科,舰长,15,绿冻,21
1243,1048135385,花礼Harei,舰长,15,绿冻,21